date,guests,adr,hotel
2015-07-01,2.0,94.95,Resort Hotel
2015-07-02,9.0,95.76166666666666,Resort Hotel
2015-07-03,24.0,111.91363636363636,Resort Hotel
2015-07-04,28.0,106.80499999999999,Resort Hotel
2015-07-05,62.0,111.56555555555555,Resort Hotel
2015-07-06,76.0,109.2988888888889,Resort Hotel
2015-07-07,75.0,108.36916666666667,Resort Hotel
2015-07-08,88.0,102.90651162790697,Resort Hotel
2015-07-09,88.0,89.76022222222223,Resort Hotel
2015-07-10,144.0,99.44117647058823,Resort Hotel
2015-07-11,205.0,106.53666666666666,Resort Hotel
2015-07-12,265.0,106.73822033898306,Resort Hotel
2015-07-13,304.0,102.95727941176472,Resort Hotel
2015-07-14,287.0,103.3882945736434,Resort Hotel
2015-07-15,266.0,102.78439024390244,Resort Hotel
2015-07-16,295.0,108.15007518796992,Resort Hotel
2015-07-17,353.0,109.51695652173913,Resort Hotel
2015-07-18,377.0,112.87,Resort Hotel
2015-07-19,376.0,119.43893491124261,Resort Hotel
2015-07-20,396.0,121.1157458563536,Resort Hotel
2015-07-21,381.0,124.61977011494253,Resort Hotel
2015-07-22,366.0,121.75467455621302,Resort Hotel
2015-07-23,347.0,123.3790625,Resort Hotel
2015-07-24,371.0,127.48526315789474,Resort Hotel
2015-07-25,396.0,130.54740331491712,Resort Hotel
2015-07-26,422.0,134.6431282051282,Resort Hotel
2015-07-27,419.0,139.50905759162305,Resort Hotel
2015-07-28,388.0,137.88115606936415,Resort Hotel
2015-07-29,394.0,135.60959537572253,Resort Hotel
2015-07-30,413.0,139.06650000000002,Resort Hotel
2015-07-31,425.0,138.48036842105265,Resort Hotel
2015-08-01,446.0,140.1010606060606,Resort Hotel
2015-08-02,470.0,141.86545454545455,Resort Hotel
2015-08-03,476.0,140.9063981042654,Resort Hotel
2015-08-04,430.0,140.38431578947367,Resort Hotel
2015-08-05,395.0,140.8552840909091,Resort Hotel
2015-08-06,349.0,140.9210322580645,Resort Hotel
2015-08-07,327.0,141.1755172413793,Resort Hotel
2015-08-08,326.0,143.77527777777777,Resort Hotel
2015-08-09,370.0,153.64463414634147,Resort Hotel
2015-08-10,413.0,152.6214054054054,Resort Hotel
2015-08-11,389.0,150.10310734463278,Resort Hotel
2015-08-12,376.0,152.15976744186045,Resort Hotel
2015-08-13,356.0,156.48745454545454,Resort Hotel
2015-08-14,374.0,155.75589595375723,Resort Hotel
2015-08-15,409.0,156.26751351351353,Resort Hotel
2015-08-16,437.0,156.78154639175258,Resort Hotel
2015-08-17,431.0,162.07103092783504,Resort Hotel
2015-08-18,412.0,160.95241573033707,Resort Hotel
2015-08-19,392.0,159.67208333333332,Resort Hotel
2015-08-20,397.0,158.44426900584796,Resort Hotel
2015-08-21,377.0,158.33623456790124,Resort Hotel
2015-08-22,394.0,156.4440350877193,Resort Hotel
2015-08-23,407.0,156.36303370786516,Resort Hotel
2015-08-24,400.0,156.6013142857143,Resort Hotel
2015-08-25,387.0,159.59403614457833,Resort Hotel
2015-08-26,385.0,158.37133333333333,Resort Hotel
2015-08-27,377.0,157.21675,Resort Hotel
2015-08-28,385.0,159.28265432098766,Resort Hotel
2015-08-29,438.0,162.63906077348065,Resort Hotel
2015-08-30,492.0,162.56373786407767,Resort Hotel
2015-08-31,476.0,157.66752475247526,Resort Hotel
2015-09-01,451.0,155.01795918367347,Resort Hotel
2015-09-02,442.0,149.94786458333334,Resort Hotel
2015-09-03,455.0,141.6720197044335,Resort Hotel
2015-09-04,453.0,138.83825870646766,Resort Hotel
2015-09-05,397.0,134.0707471264368,Resort Hotel
2015-09-06,404.0,129.46696132596685,Resort Hotel
2015-09-07,406.0,122.49370370370372,Resort Hotel
2015-09-08,345.0,120.07790123456789,Resort Hotel
2015-09-09,316.0,113.92536912751679,Resort Hotel
2015-09-10,315.0,112.76543624161073,Resort Hotel
2015-09-11,308.0,111.69797202797203,Resort Hotel
2015-09-12,329.0,112.42045161290322,Resort Hotel
2015-09-13,354.0,110.13769696969698,Resort Hotel
2015-09-14,371.0,111.76228571428572,Resort Hotel
2015-09-15,346.0,108.3473780487805,Resort Hotel
2015-09-16,399.0,98.26891752577319,Resort Hotel
2015-09-17,404.0,89.0565671641791,Resort Hotel
2015-09-18,337.0,90.28878048780489,Resort Hotel
2015-09-19,387.0,88.30384210526316,Resort Hotel
2015-09-20,328.0,91.80639751552795,Resort Hotel
2015-09-21,343.0,85.41285714285715,Resort Hotel
2015-09-22,326.0,83.88353293413174,Resort Hotel
2015-09-23,324.0,86.23648484848485,Resort Hotel
2015-09-24,328.0,83.53189349112425,Resort Hotel
2015-09-25,299.0,85.82920529801324,Resort Hotel
2015-09-26,304.0,87.21486666666667,Resort Hotel
2015-09-27,299.0,86.50687074829932,Resort Hotel
2015-09-28,325.0,83.07798780487805,Resort Hotel
2015-09-29,299.0,80.09157894736842,Resort Hotel
2015-09-30,294.0,79.01666666666667,Resort Hotel
2015-10-01,344.0,75.53337209302326,Resort Hotel
2015-10-02,353.0,73.50322033898306,Resort Hotel
2015-10-03,364.0,70.70420212765957,Resort Hotel
2015-10-04,393.0,70.16281553398059,Resort Hotel
2015-10-05,392.0,68.73248780487805,Resort Hotel
2015-10-06,352.0,68.93143646408839,Resort Hotel
2015-10-07,333.0,66.05056818181818,Resort Hotel
2015-10-08,357.0,64.89327956989247,Resort Hotel
2015-10-09,382.0,63.81109452736319,Resort Hotel
2015-10-10,399.0,63.364407582938384,Resort Hotel
2015-10-11,439.0,62.644369369369365,Resort Hotel
2015-10-12,556.0,65.22567272727274,Resort Hotel
2015-10-13,539.0,63.84490974729242,Resort Hotel
2015-10-14,408.0,64.06284360189574,Resort Hotel
2015-10-15,342.0,63.43747252747253,Resort Hotel
2015-10-16,288.0,67.36272108843538,Resort Hotel
2015-10-17,234.0,67.05457627118643,Resort Hotel
2015-10-18,262.0,62.817555555555565,Resort Hotel
2015-10-19,384.0,58.060679611650485,Resort Hotel
2015-10-20,343.0,54.46839779005525,Resort Hotel
2015-10-21,319.0,54.80868263473054,Resort Hotel
2015-10-22,341.0,55.85608938547486,Resort Hotel
2015-10-23,291.0,60.572418300653595,Resort Hotel
2015-10-24,340.0,60.99049180327869,Resort Hotel
2015-10-25,344.0,58.942499999999995,Resort Hotel
2015-10-26,333.0,58.77470930232558,Resort Hotel
2015-10-27,311.0,58.25969512195122,Resort Hotel
2015-10-28,296.0,56.91725,Resort Hotel
2015-10-29,261.0,54.29268115942029,Resort Hotel
2015-10-30,232.0,54.75264462809917,Resort Hotel
2015-10-31,245.0,57.442682926829264,Resort Hotel
2015-11-01,312.0,52.813354430379746,Resort Hotel
2015-11-02,258.0,56.403040000000004,Resort Hotel
2015-11-03,223.0,57.508867924528296,Resort Hotel
2015-11-04,195.0,56.62948453608248,Resort Hotel
2015-11-05,147.0,55.8692105263158,Resort Hotel
2015-11-06,140.0,53.639220779220786,Resort Hotel
2015-11-07,140.0,52.16447368421053,Resort Hotel
2015-11-08,153.0,53.07153846153846,Resort Hotel
2015-11-09,144.0,53.03802816901408,Resort Hotel
2015-11-10,127.0,50.705606060606065,Resort Hotel
2015-11-11,122.0,52.69114754098361,Resort Hotel
2015-11-12,120.0,54.109523809523814,Resort Hotel
2015-11-13,99.0,49.55222222222223,Resort Hotel
2015-11-14,112.0,53.71372881355932,Resort Hotel
2015-11-15,276.0,51.13254437869822,Resort Hotel
2015-11-16,272.0,51.08150289017341,Resort Hotel
2015-11-17,270.0,48.06574585635359,Resort Hotel
2015-11-18,249.0,47.77393939393939,Resort Hotel
2015-11-19,252.0,47.01541666666667,Resort Hotel
2015-11-20,235.0,45.86201257861635,Resort Hotel
2015-11-21,229.0,45.0396855345912,Resort Hotel
2015-11-22,371.0,45.11145539906103,Resort Hotel
2015-11-23,230.0,47.77276595744681,Resort Hotel
2015-11-24,253.0,49.04116883116883,Resort Hotel
2015-11-25,254.0,48.69446666666667,Resort Hotel
2015-11-26,224.0,48.28625,Resort Hotel
2015-11-27,201.0,48.70272,Resort Hotel
2015-11-28,199.0,49.34433333333333,Resort Hotel
2015-11-29,260.0,49.560785714285714,Resort Hotel
2015-11-30,156.0,45.86831325301205,Resort Hotel
2015-12-01,124.0,45.79845070422535,Resort Hotel
2015-12-02,101.0,44.81333333333334,Resort Hotel
2015-12-03,104.0,45.74508196721311,Resort Hotel
2015-12-04,124.0,41.60978021978022,Resort Hotel
2015-12-05,101.0,43.463142857142856,Resort Hotel
2015-12-06,113.0,44.81986301369863,Resort Hotel
2015-12-07,167.0,49.43631578947368,Resort Hotel
2015-12-08,335.0,58.50165644171779,Resort Hotel
2015-12-09,257.0,58.43385826771654,Resort Hotel
2015-12-10,258.0,54.63798507462686,Resort Hotel
2015-12-11,84.0,45.617916666666666,Resort Hotel
2015-12-12,69.0,46.586666666666666,Resort Hotel
2015-12-13,131.0,47.50338235294117,Resort Hotel
2015-12-14,89.0,42.11673469387755,Resort Hotel
2015-12-15,75.0,39.280227272727274,Resort Hotel
2015-12-16,75.0,45.21697674418604,Resort Hotel
2015-12-17,72.0,40.99063829787234,Resort Hotel
2015-12-18,57.0,38.77078947368421,Resort Hotel
2015-12-19,67.0,41.485897435897435,Resort Hotel
2015-12-20,97.0,47.3428,Resort Hotel
2015-12-21,70.0,43.98368421052632,Resort Hotel
2015-12-22,88.0,42.532000000000004,Resort Hotel
2015-12-23,99.0,40.64962264150943,Resort Hotel
2015-12-24,68.0,45.844857142857144,Resort Hotel
2015-12-25,76.0,56.471111111111114,Resort Hotel
2015-12-26,93.0,55.339777777777776,Resort Hotel
2015-12-27,163.0,55.82708860759494,Resort Hotel
2015-12-28,175.0,55.434831460674154,Resort Hotel
2015-12-29,247.0,55.977716535433075,Resort Hotel
2015-12-30,238.0,56.99844262295082,Resort Hotel
2015-12-31,221.0,58.187363636363635,Resort Hotel
2016-01-01,226.0,67.08293577981651,Resort Hotel
2016-01-02,323.0,110.93684210526317,Resort Hotel
2016-01-03,493.0,110.02946280991736,Resort Hotel
2016-01-04,426.0,116.11938388625592,Resort Hotel
2016-01-05,293.0,95.29664429530202,Resort Hotel
2016-01-06,240.0,86.106015625,Resort Hotel
2016-01-07,135.0,62.59260273972603,Resort Hotel
2016-01-08,145.0,55.521341463414636,Resort Hotel
2016-01-09,126.0,58.8263768115942,Resort Hotel
2016-01-10,152.0,56.665,Resort Hotel
2016-01-11,157.0,55.70482352941176,Resort Hotel
2016-01-12,128.0,51.46450704225352,Resort Hotel
2016-01-13,129.0,51.13644736842105,Resort Hotel
2016-01-14,85.0,50.327843137254895,Resort Hotel
2016-01-15,102.0,47.408253968253966,Resort Hotel
2016-01-16,107.0,48.44161290322581,Resort Hotel
2016-01-17,163.0,52.585125000000005,Resort Hotel
2016-01-18,132.0,52.71246153846154,Resort Hotel
2016-01-19,94.0,47.075192307692305,Resort Hotel
2016-01-20,101.0,48.14053571428571,Resort Hotel
2016-01-21,110.0,44.77880597014925,Resort Hotel
2016-01-22,101.0,41.84285714285714,Resort Hotel
2016-01-23,103.0,44.79254237288136,Resort Hotel
2016-01-24,152.0,46.190493827160495,Resort Hotel
2016-01-25,103.0,43.78213114754099,Resort Hotel
2016-01-26,94.0,46.03872727272727,Resort Hotel
2016-01-27,112.0,42.66285714285714,Resort Hotel
2016-01-28,83.0,43.25054545454546,Resort Hotel
2016-01-29,91.0,41.670163934426235,Resort Hotel
2016-01-30,79.0,45.708043478260876,Resort Hotel
2016-01-31,125.0,51.22234375,Resort Hotel
2016-02-01,107.0,54.20862745098039,Resort Hotel
2016-02-02,85.0,49.20581395348837,Resort Hotel
2016-02-03,81.0,46.529374999999995,Resort Hotel
2016-02-04,80.0,43.56017857142857,Resort Hotel
2016-02-05,97.0,41.54671641791045,Resort Hotel
2016-02-06,76.0,45.59644444444445,Resort Hotel
2016-02-07,144.0,49.333026315789475,Resort Hotel
2016-02-08,141.0,50.315479452054795,Resort Hotel
2016-02-09,233.0,57.07709401709401,Resort Hotel
2016-02-10,242.0,58.203220338983044,Resort Hotel
2016-02-11,224.0,52.24201680672269,Resort Hotel
2016-02-12,151.0,48.137317073170735,Resort Hotel
2016-02-13,131.0,53.716956521739135,Resort Hotel
2016-02-14,318.0,60.21408805031447,Resort Hotel
2016-02-15,287.0,60.56605633802816,Resort Hotel
2016-02-16,155.0,51.30153846153846,Resort Hotel
2016-02-17,140.0,45.468589743589746,Resort Hotel
2016-02-18,169.0,46.64054945054945,Resort Hotel
2016-02-19,175.0,50.465591397849465,Resort Hotel
2016-02-20,177.0,49.136,Resort Hotel
2016-02-21,223.0,51.15117117117117,Resort Hotel
2016-02-22,152.0,49.329220779220776,Resort Hotel
2016-02-23,133.0,47.8725,Resort Hotel
2016-02-24,136.0,47.39013513513513,Resort Hotel
2016-02-25,163.0,43.743563218390804,Resort Hotel
2016-02-26,150.0,43.391860465116274,Resort Hotel
2016-02-27,131.0,45.477916666666665,Resort Hotel
2016-02-28,156.0,52.548125000000006,Resort Hotel
2016-02-29,321.0,54.337374999999994,Resort Hotel
2016-03-01,289.0,54.192569444444445,Resort Hotel
2016-03-02,191.0,50.95019801980198,Resort Hotel
2016-03-03,167.0,49.45432989690721,Resort Hotel
2016-03-04,171.0,47.71636363636364,Resort Hotel
2016-03-05,167.0,47.80904255319149,Resort Hotel
2016-03-06,242.0,51.43284615384616,Resort Hotel
2016-03-07,203.0,50.85690909090909,Resort Hotel
2016-03-08,172.0,50.1494623655914,Resort Hotel
2016-03-09,207.0,47.522820512820516,Resort Hotel
2016-03-10,187.0,47.20645454545455,Resort Hotel
2016-03-11,174.0,44.85851485148515,Resort Hotel
2016-03-12,244.0,50.979632352941174,Resort Hotel
2016-03-13,347.0,53.883050847457625,Resort Hotel
2016-03-14,282.0,53.50856164383562,Resort Hotel
2016-03-15,203.0,48.44491071428571,Resort Hotel
2016-03-16,222.0,49.75798387096774,Resort Hotel
2016-03-17,246.0,50.388273381294965,Resort Hotel
2016-03-18,277.0,48.44554838709678,Resort Hotel
2016-03-19,197.0,52.13155339805825,Resort Hotel
2016-03-20,262.0,51.744090909090914,Resort Hotel
2016-03-21,247.0,48.29422764227642,Resort Hotel
2016-03-22,259.0,48.168800000000005,Resort Hotel
2016-03-23,298.0,49.93880794701987,Resort Hotel
2016-03-24,393.0,52.86730569948186,Resort Hotel
2016-03-25,355.0,56.8744,Resort Hotel
2016-03-26,332.0,61.2845,Resort Hotel
2016-03-27,462.0,74.47440366972477,Resort Hotel
2016-03-28,502.0,74.36726890756303,Resort Hotel
2016-03-29,437.0,72.81721698113208,Resort Hotel
2016-03-30,276.0,64.11861313868613,Resort Hotel
2016-03-31,283.0,61.15919708029197,Resort Hotel
2016-04-01,219.0,62.75009615384616,Resort Hotel
2016-04-02,195.0,65.65333333333334,Resort Hotel
2016-04-03,253.0,67.51764705882353,Resort Hotel
2016-04-04,349.0,67.25081395348838,Resort Hotel
2016-04-05,359.0,65.0885393258427,Resort Hotel
2016-04-06,366.0,65.58091836734694,Resort Hotel
2016-04-07,345.0,63.63590673575129,Resort Hotel
2016-04-08,219.0,62.04983050847458,Resort Hotel
2016-04-09,232.0,64.13225,Resort Hotel
2016-04-10,266.0,65.87086956521739,Resort Hotel
2016-04-11,249.0,68.46763779527559,Resort Hotel
2016-04-12,261.0,68.54804347826087,Resort Hotel
2016-04-13,185.0,70.225,Resort Hotel
2016-04-14,186.0,67.24277227722773,Resort Hotel
2016-04-15,214.0,66.09553719008265,Resort Hotel
2016-04-16,241.0,62.76083969465649,Resort Hotel
2016-04-17,303.0,62.79075,Resort Hotel
2016-04-18,359.0,63.61765306122449,Resort Hotel
2016-04-19,325.0,62.69598901098901,Resort Hotel
2016-04-20,353.0,62.51358585858586,Resort Hotel
2016-04-21,346.0,62.19107692307693,Resort Hotel
2016-04-22,267.0,60.1465034965035,Resort Hotel
2016-04-23,249.0,65.39507692307693,Resort Hotel
2016-04-24,212.0,67.51441441441442,Resort Hotel
2016-04-25,319.0,76.0076129032258,Resort Hotel
2016-04-26,354.0,71.47263736263737,Resort Hotel
2016-04-27,316.0,69.3735119047619,Resort Hotel
2016-04-28,257.0,66.43071942446043,Resort Hotel
2016-04-29,286.0,64.90088607594937,Resort Hotel
2016-04-30,343.0,68.01592391304348,Resort Hotel
2016-05-01,353.0,69.59524324324325,Resort Hotel
2016-05-02,417.0,74.477399103139,Resort Hotel
2016-05-03,340.0,74.7685945945946,Resort Hotel
2016-05-04,235.0,78.41360655737704,Resort Hotel
2016-05-05,232.0,78.3038524590164,Resort Hotel
2016-05-06,198.0,74.04375,Resort Hotel
2016-05-07,240.0,74.02033057851239,Resort Hotel
2016-05-08,257.0,70.63309523809524,Resort Hotel
2016-05-09,277.0,66.12029197080291,Resort Hotel
2016-05-10,324.0,63.01766467065869,Resort Hotel
2016-05-11,319.0,65.15018072289156,Resort Hotel
2016-05-12,365.0,62.95523560209424,Resort Hotel
2016-05-13,292.0,61.67506849315068,Resort Hotel
2016-05-14,307.0,63.43845161290323,Resort Hotel
2016-05-15,412.0,63.330805687203785,Resort Hotel
2016-05-16,465.0,65.781375,Resort Hotel
2016-05-17,400.0,63.703632075471695,Resort Hotel
2016-05-18,319.0,67.45546012269938,Resort Hotel
2016-05-19,344.0,69.20511235955057,Resort Hotel
2016-05-20,297.0,70.73785234899329,Resort Hotel
2016-05-21,240.0,75.61189655172413,Resort Hotel
2016-05-22,286.0,75.6591111111111,Resort Hotel
2016-05-23,273.0,77.862890625,Resort Hotel
2016-05-24,266.0,72.44946153846153,Resort Hotel
2016-05-25,269.0,69.05735294117646,Resort Hotel
2016-05-26,351.0,66.48291428571429,Resort Hotel
2016-05-27,355.0,66.48557471264368,Resort Hotel
2016-05-28,341.0,65.91268292682928,Resort Hotel
2016-05-29,368.0,67.93945652173913,Resort Hotel
2016-05-30,468.0,67.37162500000001,Resort Hotel
2016-05-31,445.0,67.23480519480519,Resort Hotel
2016-06-01,375.0,64.85321428571429,Resort Hotel
2016-06-02,365.0,68.26639784946236,Resort Hotel
2016-06-03,347.0,72.18693181818182,Resort Hotel
2016-06-04,312.0,76.5475,Resort Hotel
2016-06-05,290.0,85.3645588235294,Resort Hotel
2016-06-06,309.0,89.0427972027972,Resort Hotel
2016-06-07,286.0,86.62141791044776,Resort Hotel
2016-06-08,286.0,84.53398496240602,Resort Hotel
2016-06-09,278.0,86.91893129770992,Resort Hotel
2016-06-10,279.0,88.83837037037037,Resort Hotel
2016-06-11,314.0,93.90346405228757,Resort Hotel
2016-06-12,373.0,99.17022099447514,Resort Hotel
2016-06-13,369.0,97.5076404494382,Resort Hotel
2016-06-14,298.0,94.0166,Resort Hotel
2016-06-15,319.0,94.49251572327044,Resort Hotel
2016-06-16,302.0,93.24308724832214,Resort Hotel
2016-06-17,301.0,93.38554794520549,Resort Hotel
2016-06-18,315.0,89.2673717948718,Resort Hotel
2016-06-19,334.0,96.55506249999999,Resort Hotel
2016-06-20,338.0,94.79692307692308,Resort Hotel
2016-06-21,380.0,95.2422459893048,Resort Hotel
2016-06-22,382.0,94.63505154639175,Resort Hotel
2016-06-23,392.0,96.19541237113403,Resort Hotel
2016-06-24,377.0,93.87208791208792,Resort Hotel
2016-06-25,378.0,90.48181818181817,Resort Hotel
2016-06-26,428.0,91.82231132075472,Resort Hotel
2016-06-27,402.0,93.0473469387755,Resort Hotel
2016-06-28,365.0,94.35308988764044,Resort Hotel
2016-06-29,317.0,88.96262820512821,Resort Hotel
2016-06-30,343.0,84.9948502994012,Resort Hotel
2016-07-01,291.0,85.82808510638299,Resort Hotel
2016-07-02,334.0,92.02871794871794,Resort Hotel
2016-07-03,382.0,95.54426136363637,Resort Hotel
2016-07-04,355.0,94.5168862275449,Resort Hotel
2016-07-05,372.0,97.20287356321839,Resort Hotel
2016-07-06,362.0,92.0764161849711,Resort Hotel
2016-07-07,345.0,100.278375,Resort Hotel
2016-07-08,347.0,100.2093125,Resort Hotel
2016-07-09,327.0,97.93217948717948,Resort Hotel
2016-07-10,343.0,100.04176829268292,Resort Hotel
2016-07-11,365.0,100.78264367816092,Resort Hotel
2016-07-12,352.0,98.62783625730995,Resort Hotel
2016-07-13,345.0,101.86615853658536,Resort Hotel
2016-07-14,375.0,101.0974011299435,Resort Hotel
2016-07-15,404.0,101.19206349206348,Resort Hotel
2016-07-16,418.0,105.9834375,Resort Hotel
2016-07-17,448.0,114.00538834951456,Resort Hotel
2016-07-18,469.0,123.06985849056605,Resort Hotel
2016-07-19,463.0,126.49478260869564,Resort Hotel
2016-07-20,442.0,129.075175879397,Resort Hotel
2016-07-21,432.0,130.9537435897436,Resort Hotel
2016-07-22,404.0,135.43826815642458,Resort Hotel
2016-07-23,420.0,138.8577540106952,Resort Hotel
2016-07-24,450.0,145.9502487562189,Resort Hotel
2016-07-25,476.0,147.12027906976743,Resort Hotel
2016-07-26,442.0,153.74636363636364,Resort Hotel
2016-07-27,429.0,152.06309278350517,Resort Hotel
2016-07-28,412.0,150.08417582417582,Resort Hotel
2016-07-29,423.0,153.82686486486486,Resort Hotel
2016-07-30,453.0,158.40177083333333,Resort Hotel
2016-07-31,469.0,164.82436274509803,Resort Hotel
2016-08-01,460.0,173.52527918781726,Resort Hotel
2016-08-02,446.0,171.07717277486913,Resort Hotel
2016-08-03,407.0,168.6693888888889,Resort Hotel
2016-08-04,390.0,162.5244252873563,Resort Hotel
2016-08-05,395.0,163.84859649122808,Resort Hotel
2016-08-06,399.0,164.44982352941176,Resort Hotel
2016-08-07,427.0,173.65248587570622,Resort Hotel
2016-08-08,451.0,179.60931216931218,Resort Hotel
2016-08-09,408.0,182.45793103448275,Resort Hotel
2016-08-10,361.0,179.46331168831168,Resort Hotel
2016-08-11,411.0,178.07602272727274,Resort Hotel
2016-08-12,429.0,182.98048648648648,Resort Hotel
2016-08-13,419.0,187.19054945054944,Resort Hotel
2016-08-14,400.0,186.51039325842694,Resort Hotel
2016-08-15,436.0,194.84439790575917,Resort Hotel
2016-08-16,429.0,194.69608465608465,Resort Hotel
2016-08-17,401.0,189.59350282485877,Resort Hotel
2016-08-18,395.0,186.28143678160922,Resort Hotel
2016-08-19,404.0,184.756875,Resort Hotel
2016-08-20,395.0,184.61561403508773,Resort Hotel
2016-08-21,367.0,189.64333333333335,Resort Hotel
2016-08-22,405.0,191.61471590909093,Resort Hotel
2016-08-23,411.0,192.28045454545455,Resort Hotel
2016-08-24,378.0,194.809625,Resort Hotel
2016-08-25,367.0,197.61631578947367,Resort Hotel
2016-08-26,401.0,192.36452380952383,Resort Hotel
2016-08-27,418.0,193.12473988439308,Resort Hotel
2016-08-28,432.0,190.12793296089387,Resort Hotel
2016-08-29,478.0,193.09205128205127,Resort Hotel
2016-08-30,485.0,187.64102564102564,Resort Hotel
2016-08-31,488.0,182.40404999999998,Resort Hotel
2016-09-01,493.0,175.3743842364532,Resort Hotel
2016-09-02,477.0,169.25716417910448,Resort Hotel
2016-09-03,439.0,163.22821989528796,Resort Hotel
2016-09-04,417.0,164.38715846994535,Resort Hotel
2016-09-05,399.0,150.51038461538462,Resort Hotel
2016-09-06,361.0,147.01612121212122,Resort Hotel
2016-09-07,300.0,141.08007246376812,Resort Hotel
2016-09-08,310.0,138.49397163120568,Resort Hotel
2016-09-09,287.0,130.59902985074626,Resort Hotel
2016-09-10,310.0,123.89381944444443,Resort Hotel
2016-09-11,321.0,118.65519480519481,Resort Hotel
2016-09-12,338.0,115.485625,Resort Hotel
2016-09-13,377.0,113.23668539325843,Resort Hotel
2016-09-14,404.0,110.71832460732985,Resort Hotel
2016-09-15,463.0,108.46829596412556,Resort Hotel
2016-09-16,420.0,110.85853535353536,Resort Hotel
2016-09-17,371.0,108.21988505747126,Resort Hotel
2016-09-18,419.0,98.61084999999999,Resort Hotel
2016-09-19,439.0,91.17704545454546,Resort Hotel
2016-09-20,424.0,88.19920930232558,Resort Hotel
2016-09-21,414.0,91.276875,Resort Hotel
2016-09-22,366.0,90.65945054945055,Resort Hotel
2016-09-23,319.0,94.44974193548387,Resort Hotel
2016-09-24,284.0,95.87439393939394,Resort Hotel
2016-09-25,318.0,93.9766883116883,Resort Hotel
2016-09-26,366.0,93.70837988826815,Resort Hotel
2016-09-27,382.0,89.74849462365592,Resort Hotel
2016-09-28,338.0,85.52617647058824,Resort Hotel
2016-09-29,305.0,87.25463576158941,Resort Hotel
2016-09-30,315.0,89.79590909090909,Resort Hotel
2016-10-01,293.0,89.66075862068965,Resort Hotel
2016-10-02,329.0,89.35000000000001,Resort Hotel
2016-10-03,352.0,87.40610465116279,Resort Hotel
2016-10-04,299.0,86.92349315068493,Resort Hotel
2016-10-05,327.0,83.63085889570552,Resort Hotel
2016-10-06,439.0,79.39098214285714,Resort Hotel
2016-10-07,415.0,77.49556603773586,Resort Hotel
2016-10-08,437.0,77.36276785714286,Resort Hotel
2016-10-09,520.0,72.9882962962963,Resort Hotel
2016-10-10,474.0,69.53693877551021,Resort Hotel
2016-10-11,465.0,68.50984,Resort Hotel
2016-10-12,453.0,70.25487704918032,Resort Hotel
2016-10-13,333.0,74.43820809248555,Resort Hotel
2016-10-14,258.0,74.84642335766422,Resort Hotel
2016-10-15,220.0,70.67258333333332,Resort Hotel
2016-10-16,219.0,67.46195121951219,Resort Hotel
2016-10-17,307.0,69.38190476190476,Resort Hotel
2016-10-18,341.0,68.46611702127659,Resort Hotel
2016-10-19,378.0,66.09128571428572,Resort Hotel
2016-10-20,387.0,63.91027272727273,Resort Hotel
2016-10-21,396.0,64.84146666666666,Resort Hotel
2016-10-22,307.0,65.56456140350878,Resort Hotel
2016-10-23,311.0,67.08847953216373,Resort Hotel
2016-10-24,358.0,62.29489361702128,Resort Hotel
2016-10-25,325.0,61.530414201183426,Resort Hotel
2016-10-26,317.0,67.28679245283018,Resort Hotel
2016-10-27,397.0,66.60624390243903,Resort Hotel
2016-10-28,311.0,70.42670967741935,Resort Hotel
2016-10-29,343.0,71.43311377245509,Resort Hotel
2016-10-30,390.0,68.94666666666667,Resort Hotel
2016-10-31,366.0,71.26184971098266,Resort Hotel
2016-11-01,330.0,71.9684076433121,Resort Hotel
2016-11-02,339.0,69.84819875776397,Resort Hotel
2016-11-03,317.0,67.61388157894737,Resort Hotel
2016-11-04,319.0,63.07844155844156,Resort Hotel
2016-11-05,315.0,62.96298013245033,Resort Hotel
2016-11-06,349.0,61.87,Resort Hotel
2016-11-07,346.0,58.99196428571428,Resort Hotel
2016-11-08,333.0,56.61158536585366,Resort Hotel
2016-11-09,332.0,55.73092592592592,Resort Hotel
2016-11-10,323.0,53.6706875,Resort Hotel
2016-11-11,277.0,54.86282608695652,Resort Hotel
2016-11-12,304.0,53.965555555555554,Resort Hotel
2016-11-13,318.0,55.60658385093168,Resort Hotel
2016-11-14,284.0,56.11013986013986,Resort Hotel
2016-11-15,293.0,54.97900662251656,Resort Hotel
2016-11-16,272.0,53.73201342281879,Resort Hotel
2016-11-17,280.0,54.261066666666665,Resort Hotel
2016-11-18,270.0,51.85347222222222,Resort Hotel
2016-11-19,231.0,49.718799999999995,Resort Hotel
2016-11-20,308.0,51.53128834355829,Resort Hotel
2016-11-21,361.0,50.56198952879581,Resort Hotel
2016-11-22,303.0,50.48192546583851,Resort Hotel
2016-11-23,300.0,49.07873417721519,Resort Hotel
2016-11-24,252.0,47.612554744525546,Resort Hotel
2016-11-25,217.0,49.24198347107438,Resort Hotel
2016-11-26,215.0,51.628839285714285,Resort Hotel
2016-11-27,271.0,53.888015267175575,Resort Hotel
2016-11-28,211.0,53.152830188679246,Resort Hotel
2016-11-29,179.0,50.481700000000004,Resort Hotel
2016-11-30,205.0,49.85657894736842,Resort Hotel
2016-12-01,168.0,47.02333333333333,Resort Hotel
2016-12-02,142.0,49.40692307692307,Resort Hotel
2016-12-03,162.0,51.78411764705882,Resort Hotel
2016-12-04,240.0,53.57410852713178,Resort Hotel
2016-12-05,165.0,51.92623529411764,Resort Hotel
2016-12-06,125.0,52.49757575757576,Resort Hotel
2016-12-07,115.0,52.962153846153846,Resort Hotel
2016-12-08,207.0,64.59841121495327,Resort Hotel
2016-12-09,197.0,62.94980582524272,Resort Hotel
2016-12-10,205.0,64.26895238095238,Resort Hotel
2016-12-11,263.0,60.42910447761194,Resort Hotel
2016-12-12,230.0,58.88422764227642,Resort Hotel
2016-12-13,237.0,58.27086614173228,Resort Hotel
2016-12-14,169.0,52.690333333333335,Resort Hotel
2016-12-15,145.0,50.78686046511628,Resort Hotel
2016-12-16,131.0,52.09671052631579,Resort Hotel
2016-12-17,120.0,50.42768115942029,Resort Hotel
2016-12-18,166.0,54.85471910112359,Resort Hotel
2016-12-19,144.0,54.46301369863014,Resort Hotel
2016-12-20,128.0,56.58184615384616,Resort Hotel
2016-12-21,101.0,55.50962962962963,Resort Hotel
2016-12-22,100.0,53.34614035087719,Resort Hotel
2016-12-23,99.0,52.44111111111111,Resort Hotel
2016-12-24,109.0,54.315892857142856,Resort Hotel
2016-12-25,80.0,59.6715,Resort Hotel
2016-12-26,128.0,62.269677419354835,Resort Hotel
2016-12-27,144.0,64.86866666666666,Resort Hotel
2016-12-28,170.0,63.274719101123594,Resort Hotel
2016-12-29,193.0,62.572761904761904,Resort Hotel
2016-12-30,241.0,62.843515625,Resort Hotel
2016-12-31,254.0,64.70156716417911,Resort Hotel
2017-01-01,347.0,115.40702857142857,Resort Hotel
2017-01-02,448.0,121.74859030837004,Resort Hotel
2017-01-03,314.0,95.15055555555556,Resort Hotel
2017-01-04,272.0,89.5736551724138,Resort Hotel
2017-01-05,230.0,79.27973913043478,Resort Hotel
2017-01-06,225.0,72.05119658119658,Resort Hotel
2017-01-07,210.0,69.36731481481482,Resort Hotel
2017-01-08,256.0,67.97582677165354,Resort Hotel
2017-01-09,243.0,65.44032786885246,Resort Hotel
2017-01-10,177.0,66.53271739130435,Resort Hotel
2017-01-11,169.0,61.98326086956522,Resort Hotel
2017-01-12,158.0,58.27269662921348,Resort Hotel
2017-01-13,181.0,51.063809523809525,Resort Hotel
2017-01-14,161.0,48.8076404494382,Resort Hotel
2017-01-15,226.0,54.564651162790696,Resort Hotel
2017-01-16,140.0,51.49786666666667,Resort Hotel
2017-01-17,140.0,53.23199999999999,Resort Hotel
2017-01-18,133.0,51.559000000000005,Resort Hotel
2017-01-19,195.0,52.00929487179487,Resort Hotel
2017-01-20,190.0,52.128807947019865,Resort Hotel
2017-01-21,180.0,53.741159420289854,Resort Hotel
2017-01-22,125.0,56.50290322580645,Resort Hotel
2017-01-23,105.0,58.06428571428572,Resort Hotel
2017-01-24,123.0,54.46625,Resort Hotel
2017-01-25,132.0,55.3395652173913,Resort Hotel
2017-01-26,160.0,54.45988505747127,Resort Hotel
2017-01-27,142.0,50.155119047619046,Resort Hotel
2017-01-28,135.0,53.02883116883117,Resort Hotel
2017-01-29,260.0,57.34488549618321,Resort Hotel
2017-01-30,301.0,55.080375000000004,Resort Hotel
2017-01-31,249.0,51.93705035971223,Resort Hotel
2017-02-01,236.0,51.145182481751824,Resort Hotel
2017-02-02,164.0,51.99489583333334,Resort Hotel
2017-02-03,130.0,49.51103896103896,Resort Hotel
2017-02-04,149.0,49.58651685393258,Resort Hotel
2017-02-05,178.0,53.79547368421052,Resort Hotel
2017-02-06,169.0,56.16197802197802,Resort Hotel
2017-02-07,151.0,53.69894117647058,Resort Hotel
2017-02-08,164.0,61.49183908045977,Resort Hotel
2017-02-09,184.0,60.52401960784314,Resort Hotel
2017-02-10,122.0,49.477466666666665,Resort Hotel
2017-02-11,133.0,51.15684931506849,Resort Hotel
2017-02-12,218.0,58.68778761061947,Resort Hotel
2017-02-13,184.0,54.89094736842106,Resort Hotel
2017-02-14,146.0,51.91266666666667,Resort Hotel
2017-02-15,179.0,56.70822222222222,Resort Hotel
2017-02-16,172.0,57.05285714285715,Resort Hotel
2017-02-17,250.0,56.366176470588236,Resort Hotel
2017-02-18,258.0,58.23880597014925,Resort Hotel
2017-02-19,325.0,59.43718750000001,Resort Hotel
2017-02-20,332.0,55.02829545454545,Resort Hotel
2017-02-21,250.0,50.972919708029195,Resort Hotel
2017-02-22,224.0,51.35225806451613,Resort Hotel
2017-02-23,201.0,53.47513513513513,Resort Hotel
2017-02-24,213.0,50.07948717948718,Resort Hotel
2017-02-25,264.0,55.85145985401459,Resort Hotel
2017-02-26,274.0,54.75492753623189,Resort Hotel
2017-02-27,317.0,58.572500000000005,Resort Hotel
2017-02-28,433.0,60.04266331658291,Resort Hotel
2017-03-01,400.0,59.628723404255325,Resort Hotel
2017-03-02,366.0,58.98142045454545,Resort Hotel
2017-03-03,259.0,57.02606299212598,Resort Hotel
2017-03-04,195.0,57.94216494845361,Resort Hotel
2017-03-05,249.0,56.8096062992126,Resort Hotel
2017-03-06,330.0,50.75802197802197,Resort Hotel
2017-03-07,307.0,48.010977011494255,Resort Hotel
2017-03-08,247.0,49.47864285714286,Resort Hotel
2017-03-09,235.0,46.3918115942029,Resort Hotel
2017-03-10,152.0,56.20296296296296,Resort Hotel
2017-03-11,189.0,64.62735294117647,Resort Hotel
2017-03-12,282.0,67.63590604026845,Resort Hotel
2017-03-13,254.0,62.80772727272728,Resort Hotel
2017-03-14,247.0,56.50507462686567,Resort Hotel
2017-03-15,214.0,57.246833333333335,Resort Hotel
2017-03-16,202.0,56.79706896551724,Resort Hotel
2017-03-17,203.0,56.162173913043475,Resort Hotel
2017-03-18,250.0,53.807229729729734,Resort Hotel
2017-03-19,251.0,57.841712328767116,Resort Hotel
2017-03-20,249.0,58.74351724137931,Resort Hotel
2017-03-21,228.0,58.01590909090909,Resort Hotel
2017-03-22,208.0,57.900245901639344,Resort Hotel
2017-03-23,258.0,57.7078431372549,Resort Hotel
2017-03-24,219.0,55.37268656716417,Resort Hotel
2017-03-25,154.0,57.019677419354835,Resort Hotel
2017-03-26,254.0,60.02020979020978,Resort Hotel
2017-03-27,229.0,59.8265909090909,Resort Hotel
2017-03-28,257.0,55.5079054054054,Resort Hotel
2017-03-29,295.0,53.54914285714286,Resort Hotel
2017-03-30,326.0,53.43861538461539,Resort Hotel
2017-03-31,347.0,54.21894230769231,Resort Hotel
2017-04-01,375.0,56.14293577981651,Resort Hotel
2017-04-02,340.0,59.81331578947369,Resort Hotel
2017-04-03,313.0,57.10811764705882,Resort Hotel
2017-04-04,303.0,60.63115853658537,Resort Hotel
2017-04-05,337.0,61.71395480225989,Resort Hotel
2017-04-06,312.0,62.70275,Resort Hotel
2017-04-07,325.0,63.66348837209303,Resort Hotel
2017-04-08,319.0,68.38060606060606,Resort Hotel
2017-04-09,430.0,68.45575892857143,Resort Hotel
2017-04-10,443.0,66.40911016949153,Resort Hotel
2017-04-11,416.0,66.66628959276018,Resort Hotel
2017-04-12,426.0,69.68912280701755,Resort Hotel
2017-04-13,383.0,77.55888888888889,Resort Hotel
2017-04-14,417.0,81.13459715639812,Resort Hotel
2017-04-15,387.0,84.48239130434783,Resort Hotel
2017-04-16,426.0,88.62360000000001,Resort Hotel
2017-04-17,446.0,96.19818181818181,Resort Hotel
2017-04-18,460.0,95.379592760181,Resort Hotel
2017-04-19,398.0,86.41558823529411,Resort Hotel
2017-04-20,292.0,87.52817567567567,Resort Hotel
2017-04-21,269.0,84.88678571428571,Resort Hotel
2017-04-22,251.0,80.77544,Resort Hotel
2017-04-23,282.0,83.25934782608695,Resort Hotel
2017-04-24,298.0,82.68590909090909,Resort Hotel
2017-04-25,266.0,77.62228571428572,Resort Hotel
2017-04-26,241.0,79.091,Resort Hotel
2017-04-27,286.0,77.7692156862745,Resort Hotel
2017-04-28,281.0,79.3338064516129,Resort Hotel
2017-04-29,349.0,85.13359788359789,Resort Hotel
2017-04-30,344.0,85.86842105263158,Resort Hotel
2017-05-01,388.0,87.21811320754718,Resort Hotel
2017-05-02,471.0,88.52064,Resort Hotel
2017-05-03,411.0,86.73669683257918,Resort Hotel
2017-05-04,429.0,86.10122270742359,Resort Hotel
2017-05-05,362.0,83.44159793814433,Resort Hotel
2017-05-06,264.0,80.86415384615384,Resort Hotel
2017-05-07,278.0,82.96082089552239,Resort Hotel
2017-05-08,305.0,78.91235294117647,Resort Hotel
2017-05-09,314.0,77.48240506329114,Resort Hotel
2017-05-10,292.0,72.80548387096775,Resort Hotel
2017-05-11,282.0,70.63384105960266,Resort Hotel
2017-05-12,284.0,73.87377483443709,Resort Hotel
2017-05-13,271.0,77.65890410958905,Resort Hotel
2017-05-14,267.0,84.37913669064748,Resort Hotel
2017-05-15,322.0,83.97538011695907,Resort Hotel
2017-05-16,318.0,79.20918128654971,Resort Hotel
2017-05-17,253.0,82.10007518796992,Resort Hotel
2017-05-18,283.0,81.3223489932886,Resort Hotel
2017-05-19,264.0,80.24449275362319,Resort Hotel
2017-05-20,290.0,81.83171052631579,Resort Hotel
2017-05-21,311.0,83.107625,Resort Hotel
2017-05-22,273.0,76.29712230215827,Resort Hotel
2017-05-23,309.0,73.8835,Resort Hotel
2017-05-24,324.0,77.6065868263473,Resort Hotel
2017-05-25,452.0,74.33462184873949,Resort Hotel
2017-05-26,406.0,76.18855769230768,Resort Hotel
2017-05-27,359.0,80.46536312849162,Resort Hotel
2017-05-28,433.0,77.01488789237668,Resort Hotel
2017-05-29,445.0,78.50563318777293,Resort Hotel
2017-05-30,407.0,77.03694835680751,Resort Hotel
2017-05-31,318.0,81.16882716049383,Resort Hotel
2017-06-01,389.0,80.46368421052632,Resort Hotel
2017-06-02,379.0,82.01328042328042,Resort Hotel
2017-06-03,409.0,86.49882051282052,Resort Hotel
2017-06-04,378.0,92.31095505617976,Resort Hotel
2017-06-05,333.0,100.58616883116883,Resort Hotel
2017-06-06,314.0,100.63659722222222,Resort Hotel
2017-06-07,327.0,99.61283870967742,Resort Hotel
2017-06-08,293.0,101.9952380952381,Resort Hotel
2017-06-09,301.0,105.43671140939597,Resort Hotel
2017-06-10,324.0,100.83786163522012,Resort Hotel
2017-06-11,360.0,104.81217142857143,Resort Hotel
2017-06-12,328.0,108.07150943396226,Resort Hotel
2017-06-13,322.0,108.4501923076923,Resort Hotel
2017-06-14,317.0,105.72360759493672,Resort Hotel
2017-06-15,335.0,108.12071428571429,Resort Hotel
2017-06-16,326.0,109.86754716981132,Resort Hotel
2017-06-17,314.0,113.81264900662251,Resort Hotel
2017-06-18,331.0,117.81868750000001,Resort Hotel
2017-06-19,305.0,116.97086666666668,Resort Hotel
2017-06-20,296.0,115.01758389261744,Resort Hotel
2017-06-21,295.0,115.27243243243242,Resort Hotel
2017-06-22,313.0,109.04162337662338,Resort Hotel
2017-06-23,331.0,109.68036363636365,Resort Hotel
2017-06-24,371.0,115.64853932584269,Resort Hotel
2017-06-25,376.0,124.10028089887639,Resort Hotel
2017-06-26,384.0,122.29794594594594,Resort Hotel
2017-06-27,362.0,121.87732558139535,Resort Hotel
2017-06-28,371.0,117.18094444444445,Resort Hotel
2017-06-29,342.0,111.96586826347306,Resort Hotel
2017-06-30,380.0,108.8877720207254,Resort Hotel
2017-07-01,413.0,113.68620689655172,Resort Hotel
2017-07-02,428.0,117.67084577114429,Resort Hotel
2017-07-03,421.0,118.64624365482234,Resort Hotel
2017-07-04,354.0,119.9648447204969,Resort Hotel
2017-07-05,353.0,117.32125,Resort Hotel
2017-07-06,352.0,117.38283018867924,Resort Hotel
2017-07-07,368.0,119.46266666666666,Resort Hotel
2017-07-08,357.0,122.82687116564416,Resort Hotel
2017-07-09,435.0,127.52851282051283,Resort Hotel
2017-07-10,465.0,129.40625,Resort Hotel
2017-07-11,468.0,132.89409523809522,Resort Hotel
2017-07-12,468.0,135.3363679245283,Resort Hotel
2017-07-13,430.0,129.65246153846152,Resort Hotel
2017-07-14,423.0,133.45536082474226,Resort Hotel
2017-07-15,433.0,139.74647959183673,Resort Hotel
2017-07-16,461.0,146.65512315270936,Resort Hotel
2017-07-17,408.0,152.01022727272726,Resort Hotel
2017-07-18,407.0,156.60751412429377,Resort Hotel
2017-07-19,397.0,160.06,Resort Hotel
2017-07-20,385.0,165.4889349112426,Resort Hotel
2017-07-21,384.0,171.84745454545455,Resort Hotel
2017-07-22,364.0,174.56878205128206,Resort Hotel
2017-07-23,403.0,179.1071676300578,Resort Hotel
2017-07-24,418.0,181.13408839779004,Resort Hotel
2017-07-25,392.0,177.1681176470588,Resort Hotel
2017-07-26,379.0,175.77284848484848,Resort Hotel
2017-07-27,392.0,177.6775882352941,Resort Hotel
2017-07-28,419.0,177.0487150837989,Resort Hotel
2017-07-29,429.0,179.29378378378377,Resort Hotel
2017-07-30,450.0,185.56142857142856,Resort Hotel
2017-07-31,469.0,189.4863959390863,Resort Hotel
2017-08-01,455.0,192.29873684210528,Resort Hotel
2017-08-02,470.0,190.26343283582088,Resort Hotel
2017-08-03,428.0,185.32295081967212,Resort Hotel
2017-08-04,397.0,185.59892215568863,Resort Hotel
2017-08-05,426.0,191.99713483146067,Resort Hotel
2017-08-06,465.0,191.97406091370559,Resort Hotel
2017-08-07,485.0,200.1407881773399,Resort Hotel
2017-08-08,436.0,198.603591160221,Resort Hotel
2017-08-09,407.0,200.8552380952381,Resort Hotel
2017-08-10,395.0,199.71469512195122,Resort Hotel
2017-08-11,370.0,197.24156250000001,Resort Hotel
2017-08-12,388.0,196.02325153374233,Resort Hotel
2017-08-13,440.0,200.28950276243094,Resort Hotel
2017-08-14,421.0,195.90242937853108,Resort Hotel
2017-08-15,425.0,198.33435028248587,Resort Hotel
2017-08-16,443.0,193.87631016042783,Resort Hotel
2017-08-17,427.0,195.63527472527474,Resort Hotel
2017-08-18,436.0,192.26312169312172,Resort Hotel
2017-08-19,426.0,194.20309782608697,Resort Hotel
2017-08-20,438.0,197.444708994709,Resort Hotel
2017-08-21,433.0,201.96505376344086,Resort Hotel
2017-08-22,441.0,206.1047340425532,Resort Hotel
2017-08-23,435.0,199.69632432432434,Resort Hotel
2017-08-24,429.0,194.52311475409837,Resort Hotel
2017-08-25,432.0,196.5063043478261,Resort Hotel
2017-08-26,447.0,199.22760638297873,Resort Hotel
2017-08-27,465.0,199.73244897959182,Resort Hotel
2017-08-28,474.0,197.50224390243903,Resort Hotel
2017-08-29,453.0,200.58405263157894,Resort Hotel
2017-08-30,472.0,203.4369109947644,Resort Hotel
2017-08-31,484.0,198.39848484848486,Resort Hotel
2017-09-01,440.0,198.55239130434782,Resort Hotel
2017-09-02,441.0,193.11510638297872,Resort Hotel
2017-09-03,437.0,191.79239130434783,Resort Hotel
2017-09-04,347.0,187.95802721088435,Resort Hotel
2017-09-05,346.0,179.1075,Resort Hotel
2017-09-06,321.0,175.6304347826087,Resort Hotel
2017-09-07,261.0,167.16946428571427,Resort Hotel
2017-09-08,239.0,159.9644761904762,Resort Hotel
2017-09-09,195.0,152.95415730337078,Resort Hotel
2017-09-10,163.0,149.70756756756757,Resort Hotel
2017-09-11,135.0,144.2672131147541,Resort Hotel
2017-09-12,111.0,137.38019607843137,Resort Hotel
2017-09-13,90.0,134.9297619047619,Resort Hotel
2017-09-14,61.0,128.05862068965516,Resort Hotel
2017-09-15,51.0,127.52458333333334,Resort Hotel
2017-09-16,47.0,125.77227272727272,Resort Hotel
2017-09-17,43.0,119.8595,Resort Hotel
2017-09-18,39.0,122.25500000000001,Resort Hotel
2017-09-19,39.0,122.25500000000001,Resort Hotel
2017-09-20,34.0,120.381875,Resort Hotel
2017-09-21,21.0,125.78699999999999,Resort Hotel
2017-09-22,12.0,111.95333333333333,Resort Hotel
2017-09-23,8.0,112.5575,Resort Hotel
2017-09-24,8.0,112.5575,Resort Hotel
2017-09-25,8.0,112.5575,Resort Hotel
2017-09-26,6.0,98.88666666666666,Resort Hotel
2017-09-27,4.0,105.93,Resort Hotel
